words,0,1,2,3,4
circuit,5.0,0.0,0.0,0.0,0.0
electrical,4.656911212181134,0.0,0.0,0.0,0.0
wiring,4.213960846351592,0.0,0.0,0.0,0.0
relay,4.099268340913585,0.0,0.0,0.0,0.0
wire,3.3290488431876604,0.0,0.0,0.0,0.0
electric,1.8448025838771338,0.0,0.0,0.5235404896421846,0.0
resistor,3.129325687166304,0.0,0.0,0.0,0.0
transformer,2.814910025706941,0.0,0.0,0.0,0.0
lamp,2.7842594423571287,0.0,0.0,0.0,0.0
voltage,2.759541229978248,0.0,0.0,0.0,0.0
current,2.284531342693296,0.0,0.0,0.025197740112994343,0.0
switch,2.693296420802847,0.0,0.0,0.0,0.0
resistance,1.7006679410278378,0.38233378638577425,0.0,0.0,0.0
insulation,2.6478149100257067,0.0,0.0,0.0,0.0
diagram,0.0,0.2132154966094936,0.0,0.032842053549496465,0.511709147367059
fuse,2.5331224045877,0.0,0.0,0.0,0.0
electromotive,2.4639114099268338,0.0,0.0,0.0,0.0
lighting,2.4302946410915554,0.0,0.0,0.0,0.0
thermistor,2.328455606090567,0.0,0.0,0.0,0.0
component,2.2384813130314414,0.0,0.0,0.0,0.0
electromagnet,2.219695471623492,0.0,0.0,0.0,0.0
operate,2.2187067431283363,0.0,0.0,0.0,0.0
function,2.2177180146331814,0.0,0.0,0.0,0.0
conductor,0.7054886790587304,0.0,0.0,0.44332627118644063,0.0
voltmeter,2.1623492189044886,0.0,0.0,0.0,0.0
breaker,2.140597192011074,0.0,0.0,0.0,0.0
volt,2.128732450069211,0.0,0.0,0.0,0.0
power,0.9720613576654709,0.6262287024901702,0.0,0.0,0.0
protect,1.426179058730472,0.0,0.02578599812996725,0.0,0.0
arrangement,1.902313624678663,0.0,0.0,0.0,0.0
design,1.8874826972513346,0.0,0.0,0.0,0.0
apparatus,1.8657306703579195,0.0,0.0,0.0,0.0
reduce,0.5475084041922087,0.0,0.0,0.4487994350282485,0.0
battery,1.752026893415068,0.0,0.0,0.0,0.0
street,1.692703183705754,0.0,0.0,0.0,0.0
transform,1.691714455210599,0.0,0.0,0.0,0.0
neutral,0.38733438797706154,0.0,1.2780504908835901,0.0,0.0
house,0.554478940083053,0.0,0.0,0.0,0.5139086557122525
repel,0.5157866983059783,0.0,0.0,0.0,0.0
variable,1.6353569309867506,0.0,0.0,0.0,0.0
magnetism,1.6244809175400434,0.0,0.0,0.0,0.0
table,0.0,0.06020642201834863,0.0,0.28006456820016146,0.007300889044969749
operation,1.5849317777338339,0.0,0.0,0.0,0.0
consist,0.18505701667655391,0.0,1.417621162537011,0.0,0.0
contain,0.0,0.011963416015403723,0.03840709573528625,0.37740112994350256,0.0
light,0.019547986289631517,0.0,0.0,0.04745762711864403,2.1031046491568546
parallel,1.5295629820051415,0.0,0.0,0.0,0.0
combine,1.5285742535099855,0.0,0.0,0.0,0.0
prevent,0.674312833695867,0.0,0.0,0.18870056497175125,0.0
electron,0.2588491200316392,0.0,1.7124824684431976,0.0,0.0
turn,1.1120970931382241,0.0,0.0,0.06903954802259885,0.0
change,0.04900860954351164,0.107621736062103,0.0,0.2570730117340288,0.0
building,1.4534308878781885,0.0,0.0,0.0,0.0
meter,1.452442159383033,0.0,0.0,0.0,0.0
ammeter,1.4415661459363256,0.0,0.0,0.0,0.0
wall,0.1927526201305121,0.0,0.0,0.0,0.254496053823263
turning,1.37631006525608,0.0,0.0,0.0,0.0
coil,1.3575242238481313,0.0,0.0,0.0,0.0
graph,0.0,1.3379204892966359,0.0,0.14237288135593215,0.0
motor,1.3288510974886294,0.0,0.0,0.0,0.0
brightness,1.2764484872454025,0.0,0.0,0.0,0.0
domestic,1.275459758750247,0.0,0.0,0.0,0.0
suitable,0.47631995254103227,0.0,0.0,0.5387005649717514,0.0
supply,0.7563772987937514,0.0,0.0,0.2067796610169492,0.0
input,1.252719003361677,0.0,0.0,0.0,0.0
symbol,0.12712223509138673,0.0,1.1195151272290123,0.0,0.0
difference,1.2428317184101245,0.0,0.0,0.0,0.0
property,0.3245501285347042,0.0,0.09284420289855061,0.0,0.2709761935567344
work,0.457904884318766,0.5901185015290518,0.0,0.0,0.0
break,1.199327664623294,0.0,0.0,0.0,0.0
galvanometer,1.1924065651572073,0.0,0.0,0.0,0.0
bright,0.28252916749060697,0.0,0.0,0.0,0.0
device,1.164722167292861,0.0,0.0,0.0,0.0
pole,1.1360490409333597,0.0,0.0,0.0,0.0
magnetic,1.134071583943049,0.0,0.0,0.0,0.0
include,0.5281458044954186,0.0,0.0,0.0,0.469551904084185
disconnect,1.129127941467273,0.0,0.0,0.0,0.0
cloth,1.126161755981807,0.0,0.0,0.0,0.0
direction,0.0,0.0865713257780176,0.0,0.07145230973745424,0.703804616684298
magnet,1.1202293850108755,0.0,0.0,0.0,0.0
decrease,0.0028602502895561785,0.06185986117178775,0.0,0.7588983050847455,0.0
attract,0.67114890251137,0.0,0.1735039738195418,0.0,0.0
dependent,1.086612616175598,0.0,0.0,0.0,0.0
make,0.0,0.3985888124362894,0.0,0.24835805084745752,0.0
charge,0.2961691265033165,0.0,0.5475955204216073,0.0,0.0
type,0.11386107465798981,0.0,0.0,0.0,1.0231536480080918
add,0.2852481708522838,0.458078491335372,0.0,0.0,0.0
metal,0.16993771010480524,0.5542813455657492,0.0,0.06232344632768363,0.0
use,0.005453953957146484,0.07679170365985988,0.0,0.05965008201202838,0.02965371307893603
suspend,0.1261123195570496,0.089322120285423,0.0,0.2266666666666666,0.0
reverse,1.018390350009887,0.0,0.0,0.0,0.0
lead,0.37015523037373926,0.0,0.49599696119682074,0.0,0.0
ampere,1.012457979038956,0.0,0.0,0.0,0.0
plastic,0.2957286929009292,0.0,0.0,0.4163276836158192,0.0
independently,1.0075143365631796,0.0,0.0,0.0,0.0
cable,1.0035594225825586,0.0,0.0,0.0,0.0
student,0.03144156614593635,0.4121432212028542,0.0,0.1002259887005649,0.0
paper,0.43429899149693474,0.0,0.1685951379149135,0.0,0.0
copper,0.4254357467725077,0.0,0.0,0.3809927360774818,0.0
case,0.997627051611627,0.0,0.0,0.0,0.0
permanent,0.9946608661261614,0.0,0.0,0.0,0.0
aluminium,0.2547953332015028,0.0,0.8199509116409536,0.0,0.0
sheet,0.172121152198273,0.0,0.016947171575502504,0.32758945386064037,0.0
output,0.9649990112715046,0.0,0.0,0.0,0.0
alternate,0.9640102827763496,0.0,0.0,0.0,0.0
reading,0.2693904869107558,0.1842213596800752,0.0,0.0,0.0
effect,0.10175664095972564,0.0,0.0,0.34839924670433126,0.16424433231264635
connect,0.9551117263199526,0.0,0.0,0.0,0.0
potential,0.4445323314217912,0.3464576962283384,0.0,0.0,0.0
allow,0.9432469843780895,0.0,0.0,0.0,0.0
measure,0.0,1.599388379204893,0.0,0.03254237288135593,0.0
different,0.09633511304462458,0.0,0.0,0.0,0.014792771811791065
separately,0.854261419814119,0.0,0.0,0.0,0.0
induce,0.838441763891635,0.0,0.0,0.0,0.0
travel,0.020493645172308363,0.07393313872671668,0.0,0.03320493066255777,0.17784259988943638
flexible,0.8325093929207035,0.0,0.0,0.0,0.0
nucleus,0.0,0.0,4.349131628420518,0.0,0.0
moving,0.2569458176784655,0.6656154434250762,0.0,0.0,0.0
polythene,0.8196559224836859,0.0,0.0,0.0,0.0
dark,0.8107573660272884,0.0,0.0,0.0,0.0
shock,0.8107573660272884,0.0,0.0,0.0,0.0
helium,0.11362138290158849,0.0,1.30980208820321,0.0,0.0
length,0.017161501737337072,0.6958551769331583,0.0,0.0,0.10429181376263794
flow,0.756377298793751,0.0,0.0,0.0,0.0
quantity,0.0,0.285923620212611,0.0,0.8156577885391443,0.0
automatically,0.7366027288906465,0.0,0.0,0.0,0.0
evening,0.7277041724342495,0.0,0.0,0.0,0.0
inside,0.10715345066244801,0.0,0.0,1.056779661016949,0.0
result,0.08546321929998026,0.12885448521916398,0.2151998597475455,0.0,0.0
series,0.7049634170456789,0.0,0.0,0.0,0.0
movement,0.0,0.0,0.0,0.622222222222222,0.19321171346012844
repulsion,0.6772790191813325,0.0,0.0,0.0,0.0
uninsulated,0.6762902906861774,0.0,0.0,0.0,0.0
unit,0.3422236503856039,0.0,0.0,0.0,0.22407491266658036
particle,0.0,0.0,0.0,0.23750190868834936,0.05617663205966996
nature,0.05748749964688257,0.0,0.0,0.0,0.6853594070569099
secondary,0.6308087799090365,0.0,0.0,0.0,0.0
hazard,0.618944037967174,0.0,0.0,0.0,0.0
earth,0.0,0.6211773700305809,0.0,0.0217514124293785,0.06533833613662825
attraction,0.6080680245204665,0.0,0.0,0.0,0.0
horseshoe,0.6070792960253111,0.0,0.0,0.0,0.0
melt,0.0062784259442357,0.0,0.0,1.8818079096045195,0.0
live,0.5793948981609645,0.0,0.0,0.0,0.0
carry,0.19403796717421376,0.16524910805300713,0.0,0.0,0.0
steel,0.29818403533056487,0.0,0.0,0.14048964218455734,0.0
set,0.14546667984971323,0.5737130479102958,0.0,0.0,0.0
depend,0.532924658888669,0.0,0.0,0.0,0.0
position,0.0,0.1456846755011892,0.0,0.06012241054613933,0.12625609177556393
field,0.16758947992881149,0.4160295616717634,0.0,0.0,0.0
iron,0.0739957343427779,0.0,0.0,0.374455205811138,0.0
spring,0.15267615846022,0.05372918790349966,0.0,0.0,0.0
vacuum,0.0,0.0,0.0,1.0715254237288137,0.419588562556605
row,0.0,0.0290360601427115,0.0,0.0,0.518566438090309
increase,0.0,0.08845565749235473,0.0,0.42955932203389857,0.00925087333419585
certain,0.0492881154834882,0.0,0.1048387096774192,0.0,0.1205848104541336
stop,0.17228594028079874,0.08303601766904517,0.0,0.0,0.0
nickel,0.450860193790785,0.0,0.0,0.0,0.0
diameter,0.442950365829543,0.0,0.0,0.0,0.0
protrude,0.4409729088392325,0.0,0.0,0.0,0.0
material,0.18311251730274852,0.0,0.12599345488546038,0.0,0.0
pin,0.056463459419757424,0.048875054608999526,0.0,0.073870056497175,0.0
wood,0.4113110539845755,0.0,0.0,0.0,0.0
close,0.08620476567134662,0.0,0.0591690042075735,0.0,0.0
rod,0.21678724608429414,0.0,0.0,0.01639392168322605,0.0
place,0.012206994113262573,0.0,0.0,0.17979139504563227,0.08852772276242322
correct,0.0,0.0,0.03532989816452212,0.020510930975190328,0.08319879392688175
state,0.010134467075341089,0.0,0.0,0.23020030816640957,0.036491842999799996
act,0.13755685188847125,0.14382645259938825,0.0,0.0,0.0
experience,0.006921099466086499,0.8005224260958201,0.0,0.0,0.0
halve,0.3332015028673125,0.0,0.0,0.0,0.0
right,0.0397468855052402,0.0,0.0,0.3952542372881356,0.0
sensitive,0.322325489420605,0.0,0.0,0.0,0.0
central,0.28277634961439546,0.0,0.0,0.0,0.0
negatively,0.28079889262408503,0.0,0.0,0.0,0.0
statement,0.0,0.0,0.0,0.052259887005649625,0.08463794367533534
line,0.023235119636147834,0.0,0.0,0.0,0.32313365247768133
outer,0.021690231362467876,0.0,0.0,0.25614406779661014,0.0
bar,0.0936511271504843,0.0,0.0,0.082909604519774,0.0
time,0.0,0.16703230953330656,0.0,0.14437484647506751,0.0
final,0.206644255487443,0.0,0.0,0.0,0.0
pair,0.198734427526201,0.0,0.0,0.0,0.0
correctly,0.0,0.0,0.16275128564749874,0.0,0.5487449864148013
small,0.0,0.0,0.0,0.2911173885750157,0.0
remain,0.0,0.0,0.1285647498831229,0.14877589453860632,0.0
original,0.17401621514732052,0.0,0.0,0.0,0.0
strong,0.160174016215147,0.0,0.0,0.0,0.0
second,0.01405713990938087,0.0,0.0,0.0,0.1348956780504817
leave,4.1197020631466254e-05,0.0,0.0,0.0933145009416195,0.029218958899383165
left,0.0004943642475776,0.0,0.0,0.468926553672316,0.0
represent,0.00583349812141585,0.0,0.053997194950911605,0.0,0.0
rub,0.0939292070397465,0.0,0.0,0.0,0.0
pass,0.0,0.0,0.0,0.1234463276836158,0.0
value,0.0,0.0,0.24193548387096775,0.0,0.0
primary,0.073165908641487,0.0,0.0,0.0,0.0
bare,0.053391338738382,0.0,0.0,0.0,0.0
force,0.0,0.6361680757930079,0.0,0.031239614489863732,0.0
wish,0.0,0.010910423037716499,0.0,0.22718926553672314,0.0
cause,0.0,0.0,0.0,0.13860640301318267,0.0
stationary,0.0,0.0,0.0,0.0,0.0
usually,0.0,0.0,0.0,0.0,0.0
number,0.0,0.0,0.21701942283989953,0.0,0.035315635328573604
happen,0.0,0.0,0.0,0.419774011299435,0.0
great,0.0,0.01926305690471906,0.0,0.03188767032236623,0.0
gold,0.0,0.0,0.0,0.0,0.0
soft,0.0,0.0,0.0,0.0,0.0
repeatedly,0.0,0.0,0.0,0.0,0.0
blow,0.0,0.0,0.0,0.0,0.0
hard,0.0,0.0,0.0,0.0,0.0
near,0.0,0.0,0.0,0.0,0.0
large,0.0,0.07622092484477803,0.0,0.0,0.0
steady,0.0,0.0,0.0,0.151412429378531,0.0
freely,0.0,0.0,0.0,0.0,0.0
core,0.0,0.0,0.0,0.0,0.0
constantly,0.0,0.0,0.0,0.031638418079096,0.0
zero,0.0,0.13591573224600734,0.0,0.0,0.0
slowly,0.0,0.0,0.0,0.3877966101694914,0.0
hand,0.0,0.0,0.0,0.0,0.0
miss,0.0,0.0,0.0,0.0,0.09024453357484763
either,0.0,0.0,0.0,0.0,0.0
heavy,0.0,2.201834862385321,0.0,0.0,0.0
reflect,0.0,0.0,0.0,0.0,2.4543925475481947
absorb,0.0,0.0,0.0,2.8361581920903953,0.0
process,0.0,0.0,0.0,2.741242937853108,0.0
become,0.0,0.0,0.0,0.0,0.0
yes,0.0,0.0,0.0,0.0,0.0
flame,0.0,0.0,0.0,0.0,1.1023418294734115
hertz,0.0,0.0,0.0,0.0,1.079052917583128
atom,0.0,0.0,3.120617110799439,0.0,0.0
handle,0.0,0.0,0.0,0.0,0.0
focal,0.0,0.0,0.0,0.0,1.989908138180877
produce,0.0,0.2043741808650065,0.0,0.0,0.22434060957802684
piece,0.0,0.3719100407747195,0.0,0.0,0.21671626342347
ability,0.0,0.0,0.0,0.0,0.0
beaker,0.0,0.0,0.0,3.7502824858757062,0.0
overtake,0.0,1.1136595310907236,0.0,0.0,0.0
shape,0.0,4.817787971457696,0.0,0.0,0.0
initial,0.0,0.0,0.562178588125292,0.0,0.0
region,0.0,0.0,0.0,0.0,1.9355673437702159
good,0.0,0.0,0.0,0.44519774011299396,0.0
inner,0.0,0.0,0.0,0.877966101694915,0.0
detect,0.0,0.0,0.0,0.0,3.079311683270798
substance,0.0,0.0,0.0,0.9861985472154965,0.0
kilogram,0.0,2.324159021406728,0.0,0.0,0.0
speed,0.0,0.5019704747342361,0.0,0.18389830508474575,0.0
try,0.0,0.6821270812096496,0.0,0.0,0.0
poor,0.0,0.0,0.0,0.0,0.0
separate,0.0,0.0,0.0,0.30861581920903947,0.3186052529434597
differ,0.0,0.0,0.0,0.0,1.4115668262388401
screening,0.0,0.0,0.0,0.0,0.0
tank,0.0,0.0,0.0,0.0,1.123043084486997
many,0.0,0.0,0.0,0.0,0.0
shelf,0.0,1.4564220183486234,0.0,0.0,0.0
cube,0.0,0.0,0.0,2.1005649717514125,0.0
enough,0.0,0.0,0.0,0.0,0.0
strength,0.0,1.864169215086646,0.0,0.0,0.0
box,0.0,2.5,0.0,0.0,0.0
find,0.0,0.0,0.0,0.0,0.0
zag,0.0,0.0,0.0,0.604519774011299,0.0
purpose,0.0,0.0,0.0,0.0,1.3805149437184625
release,0.0,0.0,0.0,0.28625235404896393,0.0
rubber,0.0,1.7189092762487255,0.0,0.0,0.0
figure,0.0,1.9699286442405701,0.0,0.0,0.0
orbit,0.0,0.7976554536187562,0.7199625993454885,0.0,0.0
first,0.0,0.0,0.0,0.0,0.0
label,0.0,0.3032619775739041,0.0,0.0,0.9587268728166641
range,0.0,0.0,0.0,0.0,1.122180532194764
composition,0.0,0.0,1.858345021037868,0.0,0.0
heat,0.0,0.0,0.0,2.059887005649718,0.0
quickly,0.0,0.0,0.0,1.112994350282486,0.0
planet,0.0,2.568807339449541,0.0,0.0,0.0
store,0.0,0.135703363914373,0.0,0.3915254237288135,0.0
onto,0.0,0.0,0.0,0.0,0.0
engineer,0.0,0.0,0.0,2.2045197740112994,0.0
incident,0.0,0.0,0.0,0.0,0.06986673567085
ultra,0.0,0.0,0.0,0.0,0.0
ray,0.0,0.0,0.0,0.0,1.4875723649256873
calculate,0.0,3.4288990825688073,0.0,0.0,0.0
condense,0.0,0.0,0.0,4.102824858757062,0.0
television,0.0,0.0,0.0,0.0,2.339241816535127
high,0.0,0.0,0.0,0.14067796610169475,0.0
fire,0.0,0.0,0.0,0.0,0.0
available,0.0,0.0,0.0,0.0,0.0
sea,0.0,0.0,0.0,0.0,1.6159917194979938
electricity,0.0,3.3358817533129455,0.0,0.0,0.0
list,0.0,0.0,0.0,0.0,2.7869064562039068
emission,0.0,0.0,2.0874240299205233,0.0,0.0
room,0.0,0.0,0.0,1.9751412429378534,0.0
grill,0.0,0.0,0.0,0.438418079096045,0.0
thermometer,0.0,0.0,0.0,3.033898305084746,0.0
internal,0.0,0.09187964176496279,0.0,0.0,0.5140195552926823
half,0.0,0.0,0.0,0.0160075329566855,0.0
long,0.0,0.0,0.0,0.0,0.0
identical,0.0,0.8549949031600406,0.0,0.0,0.0
unstable,0.0,0.0,0.9315100514258995,0.0,0.0
pollen,0.0,0.0,0.0,2.007909604519774,0.0
burn,0.0,0.5415392456676861,0.0,0.0,0.0
bag,0.0,1.6118756371049945,0.0,0.0,0.0
scanner,0.0,0.0,0.0,0.0,2.960279466942683
density,0.0,2.4963897383622156,0.0,0.7446327683615818,0.0
amplitude,0.0,0.0,0.0,0.0,2.385819640315694
red,0.0,0.0,0.0,0.0,2.23702936990555
sing,0.0,0.0,0.0,0.0,0.0
penetrate,0.0,0.0,0.340112201963534,0.0,0.0
exactly,0.0,0.0,0.0,0.0,0.0
life,0.0,0.0,0.0,0.0,0.0
irregularly,0.0,3.1562181447502544,0.0,0.0,0.0
floor,0.0,0.7038417431192661,0.0,0.11362994350282488,0.021348169232759624
four,0.0,0.0,0.0,0.0,0.0
kinetic,0.0,1.7650993883792048,0.0,0.5475282485875707,0.0
radioactive,0.0,0.0,3.2211313697989716,0.0,0.0
three,0.0,0.0,0.0,0.0,0.0
positive,0.0,0.0,0.42192613370733945,0.0,0.0
seal,0.0,0.0,0.0,1.43954802259887,0.0
sealed,0.0,0.0,0.5668536699392239,0.0,0.0
week,0.0,0.0,0.303880317905563,0.0,0.0
sun,0.0,0.0,0.0,1.5118644067796612,0.0
beam,0.0,1.6730377166156978,0.0,0.0,0.0
freezing,0.0,0.0,0.0,1.687005649717514,0.0
five,0.0,0.0,0.0,0.0,0.0
per,0.0,0.0,0.0,0.0,0.0
loudness,0.0,0.0,0.0,0.0,2.120584810454133
total,0.0,0.0,0.0,0.32378017462763214,0.064750232301015
slope,0.0,3.2122833843017324,0.0,0.0,0.0
storm,0.0,0.0,0.0,1.3175141242937856,0.0
singer,0.0,0.0,0.0,0.0,0.0
gravity,0.0,3.515545361875636,0.0,0.0,0.0
precaution,0.0,0.0,0.14960261804581548,0.0,0.0
americium,0.0,0.0,2.183263207106124,0.0,0.0
randomly,0.0,0.0,0.0,0.0,0.0
occur,0.0,0.0,0.17765310892940622,1.6286016949152544,0.0
longitudinal,0.0,0.0,0.0,0.0,2.0934144132488024
however,0.0,0.0,0.0,0.0,0.0
gas,0.0,0.0,0.0,3.045197740112995,0.0
bed,0.0,0.0,0.0,0.0,0.5679906844352435
syringe,0.0,0.0,0.0,1.830508474576271,0.0
human,0.0,0.0,0.0,0.0,1.1398628541855345
path,0.0,0.0,0.05931510051425875,0.0,0.46755725190839675
cupboard,0.0,0.0,0.0,1.2060734463276837,0.2982274550394615
colour,0.0,0.0,0.0,0.0,3.702936990555052
straight,0.0,0.3330466360856268,0.0,0.0,0.0
far,0.0,0.0,0.0,0.0,0.0
geothermal,0.0,2.305045871559633,0.0,0.0,0.0
rectangular,0.0,0.0,0.0,2.1977401129943503,0.0
bottom,0.0,0.0,0.0,0.0,0.0
skier,0.0,0.7033639143730885,0.0,0.0,0.0
angle,0.0,0.0,0.0,0.0,1.147625824815629
ship,0.0,0.0,0.0,0.0,0.8927416224608615
car,0.0,0.940366972477064,0.0,0.0,0.0
take,0.0,0.0,0.0,0.0,0.0
evaporation,0.0,0.0,0.0,5.0,0.0
notation,0.0,0.0,3.0528284244974286,0.0,0.0
decay,0.0,0.0,1.804581580177653,0.0,0.0
journey,0.0,0.2905198776758405,0.0,0.0,0.0
sound,0.0,0.0,0.0,0.0,2.0856514426187083
group,0.0,0.0,0.0,0.0,1.1010480010350625
effective,0.0,0.0,0.0,0.0,0.0
division,0.0,0.0,0.0,0.975141242937853,0.0
pour,0.0,0.0,0.0,2.9163841807909607,0.0
ripple,0.0,0.0,0.0,0.0,0.5861042825721305
van,0.0,0.59887869520897,0.0,0.0,0.0
generator,0.0,2.4592252803261974,0.0,0.0,0.0
upper,0.0,0.0,0.0,0.8124293785310734,0.0
matter,0.0,0.0,0.0,3.212429378531074,0.0
swing,0.0,1.0461264016309886,0.0,0.0,0.0
approximate,0.0,0.0,0.0,0.0,0.0
fix,0.0,0.0,0.0,0.824623352165725,0.12927502479837835
enclose,0.0,0.0,0.0,2.0983050847457623,0.0
solution,0.0,0.0,0.0,1.294915254237288,0.0
example,0.0,3.242864424057084,0.0,0.0,0.0
unchanged,0.0,1.4156472986748214,0.0,0.0,0.0
put,0.0,0.0,0.0,0.0,0.0
level,0.0,0.0,0.0,0.6259887005649716,0.0
experiment,0.0,0.8448012232415902,0.0,0.0,0.0
moon,0.0,1.8170234454638121,0.0,0.0,0.0
show,0.0,0.0,0.0,0.0,0.0
activity,0.0,0.0,0.35998129967274406,0.0,0.0
becomes,0.0,0.0,0.0,0.0,0.0
neither,0.0,0.0,0.0,0.0,0.0
rapidly,0.0,0.0,0.0,1.0779661016949151,0.0
frequently,0.0,0.0,0.0,0.126553672316384,0.0
none,0.0,0.0,0.0,0.0,0.0
vibrate,0.0,0.0,0.0,0.0,1.1553887954457236
something,0.0,0.0,0.0,0.0,0.0
radio,0.0,0.0,0.0,0.0,1.8657006080993654
read,0.0,1.2678389398572885,0.0,0.0,0.0
pool,0.0,0.0,0.0,1.8621468926553675,0.0
minimum,0.0,0.0,0.0,0.37401129943502803,0.0
frequency,0.0,0.0,0.0,0.0,2.3806443265622974
window,0.0,0.0,0.0,0.0,0.0
way,0.0,0.411569826707441,0.0,0.0,0.0
proton,0.0,0.0,3.9679756895745677,0.0,0.0
space,0.0,0.0,0.0,1.5740112994350286,0.0
person,0.0,0.0,0.0,0.0,0.143614956656747
safety,0.0,0.0,0.321411874707807,0.0,0.0
heater,0.0,0.0,0.0,1.0415254237288134,1.1198085133911242
repeat,0.0,0.0,0.594904160822814,0.0,0.0
uranium,0.0,0.0,3.4244974287050023,0.0,0.0
puddle,0.0,0.0,0.0,2.398870056497175,0.0
road,0.0,0.32301223241590205,0.0,0.0,0.0
weight,0.0,2.0453459480122325,0.0,0.00699152542372875,0.0
begin,0.0,0.2021215596330275,0.0,0.5690677966101695,0.0
equation,0.0,0.7677115188583079,0.5186418887330527,0.0,0.0
ultraviolet,0.0,0.0,0.0,0.0,3.7314012161987313
band,0.0,0.327471967380224,0.0,0.0,0.0
mass,0.0,1.516309887869521,0.0,0.07293271700051358,0.0
gravitational,0.0,3.4352701325178385,0.0,0.0,0.0
vibration,0.0,0.0,0.0,0.0,2.3845258118773445
hit,0.0,0.0,0.0,0.0022598870056495003,0.0
spectrum,0.0,0.0,0.0,0.0,3.2539785224479227
reach,0.0,0.0,0.0,0.0,0.4437831543537325
suggest,0.0,0.0,0.0,1.0022598870056496,0.0
fast,0.0,0.0,0.0,0.0,0.0
come,0.0,0.064984709480122,0.0,0.0,0.0
hole,0.0,0.0,0.0,1.1864406779661014,0.0
wind,0.0,1.7787971457696226,0.0,0.0,0.0
around,0.0,0.0,0.0,0.0,0.0
may,0.0,0.0,0.0,0.0,0.0
direct,0.0,0.0,0.0,0.0,1.1709147367059125
steam,0.0,0.224260958205912,0.0,0.0,0.0
pivot,0.0,2.8338430173292557,0.0,0.0,0.0
throughout,0.0,0.0,0.0,0.0,0.0
acceleration,0.0,2.90519877675841,0.0,0.0,0.0
exert,0.0,0.0,0.0,1.8067796610169489,0.0
isotope,0.0,0.0,5.0,0.0,0.0
controller,0.0,0.0,0.0,0.0,0.9949540690904385
investigation,0.0,0.0,0.0,0.0,0.0
people,0.0,0.0,0.0,0.0,0.0
dissipate,0.0,2.1253822629969417,0.0,0.0,0.0
ear,0.0,0.0,0.0,0.0,1.628930003881485
product,0.0,0.0,0.0,0.0,0.0
keep,0.0,0.0,0.0,0.0,0.0
see,0.0,0.0,0.0,0.0,0.0
regular,0.0,0.653669724770642,0.0,0.0,0.0
form,0.0,0.0,0.3583742402992052,0.0,0.6158623366541595
compress,0.0,0.0,0.0,2.7593220338983055,0.0
arrow,0.0,0.0,0.0,0.0,1.5500064691421913
flask,0.0,0.0,0.0,2.2903954802259885,0.0
decelerate,0.0,1.7864424057084605,0.0,0.0,0.0
generate,0.0,2.952344546381243,0.0,0.0,0.0
base,0.0,0.0,0.0,0.8169491525423724,0.0
know,0.0,0.0,0.0,0.0,0.0
separation,0.0,0.0,0.0,0.989830508474576,0.0
gain,0.0,1.6526503567787971,0.0,0.0,0.0
card,0.0,0.3886340468909275,0.0,0.0,0.0
dispersion,0.0,0.0,0.0,0.0,3.2526846940095746
top,0.0,0.0,0.0,0.0,0.0
uniform,0.0,0.57466870540265,0.0,0.0,0.0
coal,0.0,2.2171253822629966,0.0,0.0,0.0
rate,0.0,0.0,0.8536519581400366,0.028683181225554074,0.0
astronaut,0.0,1.215596330275229,0.0,0.0,0.0
give,0.0,0.0,0.0,0.0,0.0
solid,0.0,0.5026758409785932,0.0,0.3254237288135592,0.0
attach,0.0,0.0,0.0,0.917514124293785,0.0
oxygen,0.0,0.0,0.0,3.257627118644068,0.0
towards,0.0,0.0,0.0,0.0,0.0
diffract,0.0,0.0,0.0,0.0,2.780437314012162
react,0.0,0.0,0.0,2.707344632768362,0.0
gradually,0.0,0.0,0.0,1.545762711864407,0.0
fill,0.0,0.0,0.0,0.0,0.0
hydroelectric,0.0,2.4872579001019366,0.0,0.0,0.0
rather,0.0,0.0,0.0,0.0,0.0
sensor,0.0,0.0,0.0,0.0,3.1608228748867893
bread,0.0,0.0,0.0,1.1480225988700559,0.0
bench,0.0,0.0,0.0,0.3694915254237285,0.0
piston,0.0,0.0,0.0,1.510734463276836,0.0
constant,0.0,0.3536357458375806,0.0,0.7764218455743879,0.0
capacity,0.0,0.0,0.0,1.3242937853107346,0.0
rice,0.0,1.6755861365953106,0.0,0.0,0.0
particular,0.0,0.0,0.9420289855072466,0.0,0.0
section,0.0,0.471457696228338,0.0,0.0,0.0
white,0.0,0.0,0.0,0.0,1.4633199637728034
melting,0.0,0.0,0.0,2.380790960451977,0.0
refraction,0.0,0.0,0.0,0.0,3.5321516366929737
extension,0.0,0.951834862385321,0.0,0.0,0.0
require,0.0,0.0,0.0,1.7999999999999998,0.0
visible,0.0,0.0,0.0,0.0,2.3884072971923915
thermal,0.0,0.0,0.0,3.3129943502824863,0.0
child,0.0,0.9352701325178385,0.0,0.0,0.0
volume,0.0,0.0,0.0,2.1954802259887005,0.0
container,0.0,0.0,0.0,3.342372881355933,0.0
investigate,0.0,0.0,0.12388966806919101,0.0,0.0
cylinder,0.0,1.170291086193227,0.0,1.0163214061519146,0.0
run,0.0,1.0053516819571864,0.0,0.0,0.0
min,0.0,0.0,0.0,0.0,0.0
want,0.0,0.0,0.0,1.167231638418079,0.0
lower,0.0,0.0,0.0,0.1634651600753295,0.0
station,0.0,0.897043832823649,0.0,0.0,0.0
along,0.0,0.0,0.0,0.0,0.0
friction,0.0,3.7003058103975532,0.0,0.0,0.0
detector,0.0,0.0,0.874240299205236,0.0,0.0
background,0.0,0.0,0.522440392706872,0.0,0.0
word,0.0,0.017414203194019668,0.0,0.0,0.5248630698236079
object,0.0,1.9779652686762776,0.0,0.14525423728813558,0.01404728018778993
surrounding,0.0,0.0,0.0,0.556497175141243,0.8086427739681714
laboratory,0.0,0.0,1.222533894343151,0.0,0.0
rise,0.0,0.0,0.11186107215209593,0.2770715630885121,0.0
eye,0.0,0.0,0.0,0.11610169491525417,0.9645491007892353
ski,0.0,0.705912334352701,0.0,0.0,0.0
identify,0.0,0.0,0.6276297335203365,0.0,0.0
escape,0.0,0.0,0.0,0.22542372881355915,0.0
warm,0.0,0.0,0.0,0.95,0.18048906714969576
well,0.0,0.0,0.0,0.0,0.0
critical,0.0,0.0,0.0,0.0,0.4955362918876955
radiation,0.0,0.0,0.677218994189541,0.14963680387409203,0.17882557344324707
liquid,0.0,0.0,0.0,3.427118644067797,0.0
cool,0.0,0.0,0.0,0.6834745762711865,0.034852503558028124
cotton,0.0,0.0,0.0,2.2214689265536727,0.0
edge,0.0,0.0,0.0,0.0,0.2367706042178805
smoke,0.0,0.0,0.0,2.267796610169491,0.0
risk,0.0,0.0,0.0,0.0,0.0
mean,0.0,0.0,0.0,0.0881355932203385,0.0
dimension,0.0,4.271151885830784,0.0,0.0,0.0
wash,0.0,0.0,0.08999532491818601,0.0,0.0
describe,0.0,0.0,0.0,0.0,0.0
intruder,0.0,0.0,0.0,0.0,0.037521024712123
remote,0.0,0.0,0.0,0.0,1.848880838400828
scale,0.0,0.0,0.0,1.428248587570622,0.0
receive,0.0,0.0,0.0,0.0,1.2938284383490744
image,0.0,0.0,0.0,0.0,2.3470047871652215
several,0.0,0.0,0.0,0.0,0.0
expand,0.0,0.0,0.0,2.9163841807909607,0.0
nucleon,0.0,0.0,4.191210846189808,0.0,0.0
explain,0.0,0.0,0.0,2.4000000000000004,0.0
move,0.0,0.0,0.0,0.0,0.0
block,0.0,0.22357076112810054,0.0,0.08154425612052717,0.129544572389701
sometimes,0.0,0.0,0.0,0.0,0.0
nuclide,0.0,0.0,3.8475923328658252,0.0,0.0
molecule,0.0,0.0,0.0,3.7638947740112996,0.016263827791434843
gap,0.0,0.0,0.0,0.16204417051874656,0.017113821616344543
pack,0.0,0.0,0.0,1.3175141242937856,0.0
hill,0.0,0.0,0.0,0.0,0.049165480657264504
must,0.0,0.0,0.0,0.0,0.0
boil,0.0,0.0058932212028542505,0.0,1.0320621468926552,0.0
previous,0.0,0.0,1.3277232351566153,0.0,0.0
tube,0.0,0.0,0.0,1.5853107344632769,0.0
prism,0.0,0.0,0.0,0.0,1.9083969465648851
distance,0.0,0.0,0.0,0.2186440677966099,0.350304049683012
yellow,0.0,0.0,0.0,0.0,2.39099495406909
two,0.0,0.0,0.0,0.0,0.0
reflection,0.0,0.0,0.0,0.0,2.16586880579635
element,0.0,0.0,3.269050958391772,0.0,0.0
stone,0.0,3.462028542303771,0.0,0.0,0.0
load,0.0,0.8154943934760445,0.0,0.0,0.0
river,0.0,0.284148827726809,0.0,0.0,0.0
microscope,0.0,0.0,0.0,3.1661016949152545,0.0
security,0.0,0.0,0.0,0.0,1.839824039332384
powder,0.0,0.0,0.309724170172978,0.0,0.0
overcome,0.0,0.091743119266055,0.0,0.0,0.0
contract,0.0,0.0,0.0,0.0271186440677965,0.0
also,0.0,0.0,0.0,0.0,0.0
alarm,0.0,0.0,0.0,0.0,2.4893259153836196
man,0.0,0.5733944954128435,0.0,0.0,0.0
cold,0.0,0.0,0.0,1.9423728813559324,0.0
record,0.0,0.0,0.0,0.0357815442561205,0.0
rule,0.0,0.7683486238532106,0.0,0.0,0.0
fit,0.0,0.0,0.0,1.0734463276836155,0.0
transfer,0.0,0.0,0.0,1.4474576271186441,0.0
zig,0.0,0.0,0.0,0.6463276836158189,0.0
hot,0.0,0.0,0.0,1.2564971751412428,0.0
collide,0.0,0.0,0.0,1.7209039548022596,0.0
enter,0.0,0.0,0.0,0.0,1.1489196532539785
spacer,0.0,0.0,0.0,1.0203389830508476,0.0
less,0.0,0.0,0.0,0.0,0.0
reliably,0.0,0.6906218144750249,0.0,0.0,0.0
minute,0.0,0.0,0.0,0.0,0.0
renewable,0.0,2.480886850152905,0.0,0.0,0.0
wave,0.0,0.011463857598162553,0.0,0.0,2.768236020511275
newton,0.0,2.1292048929663605,0.0,0.0,0.0
get,0.0,0.0,0.0,0.0,0.0
follow,0.0,0.0,0.0,0.647457627118644,0.0
temperature,0.0,0.0,0.0,2.1449325492909024,0.014562171096928875
low,0.0,0.0,0.0,0.0171751412429378,0.0
agree,0.0,0.0,0.0,0.471186440677966,0.0
radium,0.0,0.0,3.2035998129967274,0.0,0.0
chlorine,0.0,0.0,0.49438990182328146,0.0,0.0
cooling,0.0,0.0,0.0,2.8203389830508474,0.0
order,0.0,0.0,0.0,0.0,1.80359684305861
picture,0.0,0.0,0.0,0.0,2.323715875274938
side,0.0,0.0,0.0,0.0,0.0
least,0.0,0.0,0.0,0.0,0.0
tide,0.0,1.2754841997961264,0.0,0.0,0.0
approximately,0.0,0.0,0.0,0.0,0.0
due,0.0,0.0,0.0,0.0,0.0
together,0.0,0.0,0.0,0.0,0.0
day,0.0,0.0,0.0,0.0293785310734463,0.0
transmit,0.0,0.0,0.0,0.0,2.1555181782895585
whether,0.0,0.0,0.0,0.0,0.0
deep,0.0,0.0,0.0,0.0,1.231724673308319
lose,0.0,0.0,0.0,0.6915254237288135,0.0
barrier,0.0,0.0,0.0,0.0,1.6625695432785608
mark,0.0,0.0,0.0,0.0,0.11701060939319438
affect,0.0,0.0,0.10723468910705926,0.795056497175141,0.0
distant,0.0,0.75815494393476,0.0,0.0,0.0
po,0.0,0.0,0.7059373539036929,0.0,0.0
balance,0.0,2.2884811416921504,0.0,0.0,0.0
lid,0.0,0.0,0.0,1.8214689265536723,0.0
sunny,0.0,0.0,0.0,1.335593220338983,0.0
shallow,0.0,0.0,0.0,0.0,0.3933238452581185
resultant,0.0,1.9737512742099894,0.0,0.0,0.0
quieter,0.0,0.0,0.0,0.0,1.542243498512097
source,0.0,0.1364528992024944,0.0,0.0,0.0
motion,0.0,0.0,0.0,2.4937853107344634,0.0
away,0.0,0.0,0.0,0.0,0.0
microwave,0.0,0.0,0.0,0.0,2.393582610945788
area,0.0,0.0,0.0,1.536723163841808,0.0
front,0.0,0.0,0.0,0.0,0.0
depth,0.0,0.0,0.0,0.6625706214689266,0.7958662181394744
electromagnetic,0.0,0.0,0.0,0.0,3.75
sounder,0.0,0.0,0.0,0.0,0.641738905421141
lens,0.0,0.0,0.0,0.0,1.956268598783801
random,0.0,0.0,0.0,1.31864406779661,0.0
train,0.0,0.63710499490316,0.0,0.0,0.0
airport,0.0,0.0,0.0,0.0,1.079052917583128
dense,0.0,0.0,0.0,1.6124293785310733,0.0
dot,0.0,0.0,0.0,0.7435028248587571,0.0
factory,0.0,2.2082059123343525,0.0,0.0,0.0
always,0.0,0.0,0.0,0.0,0.0
wax,0.0,0.0,0.0,1.9683615819209035,0.0
echo,0.0,0.0,0.0,0.0,1.6768016561004004
useful,0.0,1.4806320081549433,0.0,0.0,0.0
atomic,0.0,0.0,2.350397381954184,0.0,0.0
conduction,0.0,0.0,0.0,3.4214689265536724,0.0
emerge,0.0,0.0,0.0,0.0,0.0
surface,0.0,0.7817278287461773,0.0,0.9733656174334141,0.0
pulse,0.0,0.0,0.0,0.0,1.5150731013067664
every,0.0,0.0,0.0,0.0,0.0
determine,0.0,2.107543323139653,0.0,0.0,0.0
unstretched,0.0,0.6294597349643221,0.0,0.0,0.0
cup,0.0,0.0,0.0,2.157062146892655,0.0
grain,0.0,0.0,0.0,2.4542372881355936,0.0
average,0.0,0.2692405708460754,0.0,0.0,0.0
stream,0.0,0.0,0.0,0.0,0.0
part,0.0,0.0,0.0,0.0,0.0
li,0.0,0.0,0.46283309957924246,0.0,0.0
jug,0.0,0.0,0.0,1.6203389830508474,0.0
walk,0.0,0.3899082568807335,0.0,0.0,0.0
ignore,0.0,0.4294087665647295,0.0,0.0,0.0
race,0.0,1.148063200815494,0.0,0.0,0.0
convection,0.0,0.0,0.0,3.4824858757062143,0.0
infra,0.0,0.0,0.0,0.0,1.2239617026782244
flat,0.0,0.0,0.0,0.5751412429378531,0.0
relate,0.0,1.1748216106014269,0.0,0.0,0.0
ra,0.0,0.0,1.257597007947639,0.0,0.0
hold,0.0,0.0,0.0,0.2327683615819205,0.0
ice,0.0,0.0,0.0,2.3333333333333335,0.0
portion,0.0,0.0,0.0,0.872316384180791,0.0
across,0.0,0.0,0.0,0.0,0.0
solidify,0.0,0.0,0.0,3.1785310734463277,0.0
maximum,0.0,0.0,0.0,0.420338983050847,0.0
drop,0.0,0.393571610601427,0.0,0.3518361581920903,0.0
much,0.0,0.0,0.0,0.0,0.0
hen,0.0,0.0,0.0,0.0,0.0
cuboid,0.0,5.0,0.0,0.0,0.0
equilibrium,0.0,2.535677879714577,0.0,0.0,0.0
submerge,0.0,0.0,0.0,2.6621468926553677,0.0
ethanol,0.0,0.0,0.0,2.9129943502824855,0.0
one,0.0,0.0,0.0,0.0,0.0
slow,0.0,0.0940366972477064,0.0,0.0,0.0
fall,0.0,0.0693534294451725,0.06753823549054958,0.29846650524616597,0.0
size,0.0,0.0,0.0,0.0,0.0
air,0.0,0.04464513251783892,0.0,1.2428813559322036,0.14643711993789613
nitrogen,0.0,0.0,2.5841514726507713,0.0,0.0
apart,0.0,0.0,0.0,0.6610169491525419,0.0
could,0.0,0.0,0.0,0.0,0.0
beginning,0.0,0.0,0.1858345021037865,0.0,0.0
quite,0.0,0.0,0.0,0.6350282485875705,0.0
raise,0.0,0.0,0.0,0.34350282485875694,0.0
carbon,0.0,0.0,1.5100514258999533,0.0,0.0
never,0.0,0.0,0.0,0.0,0.0
uncharged,0.0,0.0,0.6825619448340345,0.0,0.0
arrange,0.0,0.0,0.0,0.0,3.092249967654288
normal,0.0,0.0,0.0,0.0,0.7180747832837365
energy,0.0,1.044022473508285,0.0,1.0860662199448168,0.0
equal,0.0,0.0,0.601916783543712,0.0,0.0
compare,0.0,0.3969164118246685,0.0,0.0,0.6062664424030705
boiling,0.0,0.0,0.0,3.3446327683615817,0.0
emit,0.0,0.0,1.1173445535296864,0.0,0.0
check,0.0,0.0,0.0,0.26195856873822965,0.44809591581489616
water,0.0,0.14848152635931752,0.0,1.0590555377891484,0.01074121722403
violet,0.0,0.0,0.0,0.0,2.3677060421788063
closely,0.0,0.0,0.0,0.3683615819209035,0.0
open,0.0,0.0,0.708274894810659,0.0,0.0
point,0.0,0.0812945973496432,0.0,0.1986440677966101,0.0
big,0.0,0.0,0.0,0.0723163841807905,0.0
thin,0.0,0.0,0.0,0.0,0.0
name,0.0,0.0,0.0,0.0,0.0
radiate,0.0,0.0,0.0,0.0,2.4712123172467324
evaporate,0.0,0.0,0.0,4.056497175141243,0.0
sample,0.0,0.0,0.7480130902290789,0.0,0.0
chemical,0.0,3.0733944954128436,0.0,0.0,0.0
rest,0.0,0.0,0.0,0.8406779661016945,0.0
neutron,0.0,0.0,4.624824684431978,0.0,0.0
bridge,0.0,1.18756371049949,0.0,0.0,0.0
hearing,0.0,0.0,0.0,0.0,1.9756760253590369
next,0.0,0.0,0.0,0.0,0.0
loud,0.0,0.0,0.0,0.0,0.6546771898046315
sphere,0.0,3.5206422018348613,0.0,0.0,0.0
measured,0.0,0.0,0.3179055633473585,0.0,0.0
immediately,0.0,0.0,0.0,0.133333333333333,0.0
washer,0.0,0.0,0.0,1.472316384180791,0.0
tong,0.0,0.0,0.0,0.0,0.0
rain,0.0,0.0,0.0,2.1898305084745764,0.0
mirror,0.0,0.0,0.0,0.0,1.2239617026782244
healthy,0.0,0.0,0.0,0.0,0.19666192262905902
note,0.0,0.0,0.0,0.0,1.0622331478845901
shine,0.0,0.0,0.0,0.392090395480226,0.0
mixture,0.0,0.0,0.0,4.2677966101694915,0.0
lithium,0.0,0.0,1.406030855539972,0.0,0.0
push,0.0,0.9223156642881409,0.0,0.20461393596986818,0.0
pressure,0.0,0.16414141414141412,0.0,1.049820236260914,0.0
involve,0.0,0.0,0.0,1.743502824858757,0.0
climb,0.0,1.6297145769622834,0.0,0.0,0.0
nuclear,0.0,2.5089194699286437,0.0,0.0,0.0
outside,0.0,0.0,0.0,1.1853107344632765,0.0
completely,0.0,0.0,0.0,0.4734463276836155,0.0
stair,0.0,2.0412844036697244,0.0,0.0,0.0
incidence,0.0,0.0,0.0,0.0,1.10492948635011
glass,0.0,0.15329454071808812,0.0,0.46382611424984305,0.23443452509308366
true,0.0,0.0,0.0,0.0,0.0
polonium,0.0,0.0,2.05820476858345,0.0,0.0
refract,0.0,0.0,0.0,0.0,2.8076077112174924
present,0.0,0.0,0.9899485741000464,0.0,0.0
thermionic,0.0,0.0,2.002103786816269,0.0,0.0
plane,0.0,0.0,0.0,0.0,2.0934144132488024
masse,0.0,1.1888379204892965,0.0,0.0,0.0
go,0.0,0.0,0.0,0.0,0.0
scientist,0.0,0.0,0.0,0.0,1.008054082028723
count,0.0,0.0,0.6112669471715755,0.0,0.0
carefully,0.0,0.0,0.0,0.0,0.0
short,0.0,0.0,0.0,0.0,0.0
new,0.0,0.0,0.0,0.0,0.0
undergo,0.0,0.0,0.0,0.0,0.15914089791693597
salt,0.0,0.0,0.0,0.8248587570621466,0.0
stay,0.0,0.0,0.0,0.55819209039548,0.0
another,0.0,0.0,0.0,0.0,0.0
hour,0.0,0.04150283966797724,0.0,0.0,0.0
satellite,0.0,0.0,0.0,0.0,1.588821322292664
converging,0.0,0.0,0.0,0.0,0.0
opposite,0.0,0.0,0.0,0.0,1.040238064432656
transverse,0.0,0.0,0.0,0.0,1.979557510674084
hear,0.0,0.0,0.0,0.0,0.0478716522189155
candle,0.0,0.0,0.0,0.0,0.8785095096390215
runner,0.0,1.131498470948012,0.0,0.0,0.0
bottle,0.0,0.0,0.0,2.5807909604519774,0.0
pitch,0.0,0.0,0.0,0.0,0.0
highly,0.0,0.0,0.0,0.0,0.0
